Split	Lumped	Jetz_Species	Burleigh_SpeciesAdelomyia-melanogenys	Adelomyia-melanogenys	Adelomyia_melanogenys	Apodiformes_Trochilidae_Adelomyia_melanogenysAgelaius-phoeniceus	Agelaius-phoeniceus-tricolor	Agelaius_phoeniceus	Passeriformes-oscines_Icteridae_Agelaius_phoeniceusAgelaius-tricolor	Agelaius-phoeniceus-tricolor	Agelaius_tricolor	Passeriformes-oscines_Icteridae_Agelaius_tricolorAmazilia-tzacatl	Amazilia-tzacatl	Amazilia_tzacatl	Apodiformes_Trochilidae_Amazilia_tzacatlAmazona-farinosa	Amazona-farinosa	Amazona_farinosa	Psittaciformes_Psittacidae_Amazona_farinosaAmazona-aestiva	Amazona-ochrocephala-aestiva	Amazona_aestiva	Psittaciformes_Psittacidae_Amazona_aestivaAmazona-ochrocephala	Amazona-ochrocephala-aestiva	Amazona_ochrocephala	Psittaciformes_Psittacidae_Amazona_ochrocephalaAnabacerthia-striaticollis	Anabacerthia-striaticollis	Anabacerthia_striaticollis	Passeriformes-suboscines_Furnariidae_Anabacerthia_striaticollisAnas-fulvigula	Anas-fulvigula	Anas_fulvigula	Anseriformes_Anatidae_Anas_fulvigulaAnas-strepera	Anas-strepera	Anas_strepera	Anseriformes_Anatidae_Anas_streperaAphelocoma-californica	Aphelocoma-caerulescens-californica-insularis	Aphelocoma_californica	Passeriformes-oscines_Corvidae_Aphelocoma_californicaAphelocoma-coerulescens	Aphelocoma-caerulescens-californica-insularis	Aphelocoma_coerulescens	Passeriformes-oscines_Corvidae_Aphelocoma_coerulescensAphelocoma-insularis	Aphelocoma-caerulescens-californica-insularis	Aphelocoma_insularis	Passeriformes-oscines_Corvidae_Aphelocoma_insularisAphelocoma-ultramarina	Aphelocoma-ultramarina-wollweberi	Aphelocoma_ultramarina	Passeriformes-oscines_Corvidae_Aphelocoma_ultramarinaAphelocoma-wollweberi	Aphelocoma-ultramarina-wollweberi	Aphelocoma_ultramarina	Passeriformes-oscines_Corvidae_Aphelocoma_ultramarinaAphelocoma-unicolor	Aphelocoma-unicolor	Aphelocoma_unicolor	Passeriformes-oscines_Corvidae_Aphelocoma_unicolorAratinga-auricapillus	Aratinga-solstitialis-jandaya-auricapillus	Aratinga_auricapillus	NAAratinga-jandaya	Aratinga-solstitialis-jandaya-auricapillus	Aratinga_jandaya	Psittaciformes_Psittacidae_Aratinga_jandayaAratinga-solstitialis	Aratinga-solstitialis-jandaya-auricapillus	Aratinga_solstitialis	Psittaciformes_Psittacidae_Aratinga_solstitialisArremon-brunneinucha	Arremon-brunneinucha	Arremon_brunneinucha	Passeriformes-oscines_Emberizidae_Arremon_brunneinuchaArremon-assimilis	Arremon-torquatus-assimilis-atricapillus-basilicus-costaricensis-perijanus-phaeopleurus-phygas	Arremon_torquatus	Passeriformes-oscines_Emberizidae_Arremon_torquatusArremon-atricapillus	Arremon-torquatus-assimilis-atricapillus-basilicus-costaricensis-perijanus-phaeopleurus-phygas	Arremon_torquatus	Passeriformes-oscines_Emberizidae_Arremon_torquatusArremon-basilicus	Arremon-torquatus-assimilis-atricapillus-basilicus-costaricensis-perijanus-phaeopleurus-phygas	Arremon_torquatus	Passeriformes-oscines_Emberizidae_Arremon_torquatusArremon-costaricensis	Arremon-torquatus-assimilis-atricapillus-basilicus-costaricensis-perijanus-phaeopleurus-phygas	Arremon_torquatus	Passeriformes-oscines_Emberizidae_Arremon_torquatusArremon-perijanus	Arremon-torquatus-assimilis-atricapillus-basilicus-costaricensis-perijanus-phaeopleurus-phygas	Arremon_torquatus	Passeriformes-oscines_Emberizidae_Arremon_torquatusArremon-phaeopleurus	Arremon-torquatus-assimilis-atricapillus-basilicus-costaricensis-perijanus-phaeopleurus-phygas	Arremon_torquatus	Passeriformes-oscines_Emberizidae_Arremon_torquatusArremon-phygas	Arremon-torquatus-assimilis-atricapillus-basilicus-costaricensis-perijanus-phaeopleurus-phygas	Arremon_torquatus	Passeriformes-oscines_Emberizidae_Arremon_torquatusArremon-torquatus	Arremon-torquatus-assimilis-atricapillus-basilicus-costaricensis-perijanus-phaeopleurus-phygas	Arremon_torquatus	Passeriformes-oscines_Emberizidae_Arremon_torquatusArtemisiospiza-belli	Artemisiospiza-belli-nevadensis	Amphispiza_belli	Passeriformes-oscines_Emberizidae_Amphispiza_belliArtemisiospiza-nevadensis	Artemisiospiza-belli-nevadensis	Amphispiza_belli	Passeriformes-oscines_Emberizidae_Amphispiza_belliAttila-spadiceus	Attila-spadiceus	Attila_spadiceus	Passeriformes-suboscines_Tyrannidae_Attila_spadiceusAulacorhynchus-prasinus	Aulacorhynchus-prasinus	Aulacorhynchus_prasinus	Piciformes_Ramphastidae_Aulacorhynchus_prasinusAutomolus-ochrolaemus	Automolus-ochrolaemus	Automolus_ochrolaemus	Passeriformes-suboscines_Furnariidae_Automolus_ochrolaemusBasileuterus-belli	Basileuterus-belli	Basileuterus_belli	Passeriformes-oscines_Parulidae_Basileuterus_belliBasileuterus-culicivorus	Basileuterus-culicivorus	Basileuterus_culicivorus	Passeriformes-oscines_Parulidae_Basileuterus_culicivorusBasileuterus-trifasciatus	Basileuterus-tristriatus-trifasciatus	Basileuterus_tristriatus	Passeriformes-oscines_Parulidae_Basileuterus_tristriatusBasileuterus-tristriatus	Basileuterus-tristriatus-trifasciatus	Basileuterus_trifasciatus	Passeriformes-oscines_Parulidae_Basileuterus_trifasciatusCalidris-ptilocnemis	Calidris-ptilocnemis	Calidris_ptilocnemis	Charadriiformes_Scolopacidae_Calidris_ptilocnemisCampylorhynchus-brunneicapillus	Campylorhynchus-brunneicapillus	Campylorhynchus_brunneicapillus	Passeriformes-oscines_Troglodytidae_Campylorhynchus_brunneicapillusCampylorhynchus-rufinucha	Campylorhynchus-rufinucha	Campylorhynchus_rufinucha	Passeriformes-oscines_Troglodytidae_Campylorhynchus_rufinuchaCantorchilus-nigricapillus	Cantorchilus-nigricapillus	Thryothorus_nigricapillus	Passeriformes-oscines_Troglodytidae_Cantorchilus_nigricapillusCapito-wallacei	Capito-wallacei	Capito_wallacei	Piciformes_Capitonidae_Capito_wallaceiCardellina-pusilla	Cardellina-pusilla	Wilsonia_pusilla	Passeriformes-oscines_Parulidae_Cardellina_pusillaCardellina-rubra	Cardellina-rubra-versicolor	Ergaticus_ruber	Passeriformes-oscines_Parulidae_Cardellina_rubraCardellina-versicolor	Cardellina-rubra-versicolor	Ergaticus_versicolor	Passeriformes-oscines_Parulidae_Cardellina_versicolorCardinalis-cardinalis	Cardinalis-cardinalis	Cardinalis_cardinalis	Passeriformes-oscines_Cardinalidae_Cardinalis_cardinalisCatharus-fuscater	Catharus-fuscater	Catharus_fuscater	Passeriformes-oscines_Turdidae_Catharus_fuscaterCatharus-occidentalis	Catharus-occidentalis	Catharus_occidentalis	Passeriformes-oscines_Turdidae_Catharus_occidentalisCeratopipra-chloromeros	Ceratopipra-chloromeros-mentalis-erythrocephala-rubrocapilla	Pipra_chloromeros	NACeratopipra-erythrocephala	Ceratopipra-chloromeros-mentalis-erythrocephala-rubrocapilla	Pipra_erythrocephala	Passeriformes-suboscines_Pipridae_Pipra_erythrocephalaCeratopipra-mentalis	Ceratopipra-chloromeros-mentalis-erythrocephala-rubrocapilla	Pipra_mentalis	Passeriformes-suboscines_Pipridae_Pipra_mentalisCeratopipra-rubrocapilla	Ceratopipra-chloromeros-mentalis-erythrocephala-rubrocapilla	Pipra_rubrocapilla	Passeriformes-suboscines_Pipridae_Pipra_rubrocapillaCerthia-americana	Certhia-americana	Certhia_americana	Passeriformes-oscines_Certhiidae_Certhia_americanaChamaea-fasciata	Chamaea-fasciata	Chamaea_fasciata	Passeriformes-oscines_Sylviidae_Chamaea_fasciataCharadrius-montanus	Charadrius-montanus	Charadrius_montanus	Charadriiformes_Charadriidae_Charadrius_montanusCharadrius-nivosus	Charadrius-nivosus	Charadrius_alexandrinus	Charadriiformes_Charadriidae_Charadrius_alexandrinusChlorophanes-spiza	Chlorophanes-spiza	Chlorophanes_spiza	Passeriformes-oscines_Thraupidae_Chlorophanes_spizaChlorospingus-flavopectus	Chlorospingus-flavopectus-semifuscus-inornatus-tacarcunae	Chlorospingus_ophthalmicus	Passeriformes-oscines_Emberizidae_Chlorospingus_ophthalmicusChlorospingus-inornatus	Chlorospingus-flavopectus-semifuscus-inornatus-tacarcunae	Chlorospingus_inornatus	Passeriformes-oscines_Emberizidae_Chlorospingus_inornatusChlorospingus-semifuscus	Chlorospingus-flavopectus-semifuscus-inornatus-tacarcunae	Chlorospingus_semifuscus	Passeriformes-oscines_Emberizidae_Chlorospingus_semifuscusChlorospingus-tacarcunae	Chlorospingus-flavopectus-semifuscus-inornatus-tacarcunae	Chlorospingus_tacarcunae	Passeriformes-oscines_Emberizidae_Chlorospingus_tacarcunaeChrysomus-icterocephalus	Chrysomus-icterocephalus	Chrysomus_icterocephalus	Passeriformes-oscines_Icteridae_Chrysomus_icterocephalusCinclodes-antarcticus	Cinclodes-fuscus-olrogi-oustaleti-comechingonus-antarcticus-albidiventris-albiventris	Cinclodes_antarcticus	Passeriformes-suboscines_Furnariidae_Cinclodes_fuscusCinclodes-comechingonus	Cinclodes-fuscus-olrogi-oustaleti-comechingonus-antarcticus-albidiventris-albiventris	Cinclodes_comechingonus	Passeriformes-suboscines_Furnariidae_Cinclodes_fuscusCinclodes-fuscus	Cinclodes-fuscus-olrogi-oustaleti-comechingonus-antarcticus-albidiventris-albiventris	Cinclodes_fuscus	Passeriformes-suboscines_Furnariidae_Cinclodes_fuscusCinclodes-olrogi	Cinclodes-fuscus-olrogi-oustaleti-comechingonus-antarcticus-albidiventris-albiventris	Cinclodes_olrogi	Passeriformes-suboscines_Furnariidae_Cinclodes_fuscusCinclodes-oustaleti	Cinclodes-fuscus-olrogi-oustaleti-comechingonus-antarcticus-albidiventris-albiventris	Cinclodes_oustaleti	Passeriformes-suboscines_Furnariidae_Cinclodes_oustaletiCinclodes-albiventris	Cinclodes-fuscus-olrogi-oustaleti-comechingonus-antarcticus-albidiventris-albiventris	Cinclodes_albiventris	Passeriformes-suboscines_Furnariidae_Cinclodes_fuscusCinclodes-albidiventris	Cinclodes-fuscus-olrogi-oustaleti-comechingonus-antarcticus-albidiventris-albiventris	Cinclodes_albidiventris	Passeriformes-suboscines_Furnariidae_Cinclodes_fuscusColonia-colonus	Colonia-colonus	Colonia_colonus	Passeriformes-suboscines_Tyrannidae_Colonia_colonusCorvus-corax	Corvus-corax-cryptoleucus	Corvus_corax	Passeriformes-oscines_Corvidae_Corvus_coraxCorvus-cryptoleucus	Corvus-corax-cryptoleucus	Corvus_cryptoleucus	Passeriformes-oscines_Corvidae_Corvus_cryptoleucusCranioleuca-antisiensis	Cranioleuca-antisiensis-baroni	Cranioleuca_antisiensis	Passeriformes-suboscines_Furnariidae_Cranioleuca_antisiensisCranioleuca-baroni	Cranioleuca-antisiensis-baroni	Cranioleuca_baroni	Passeriformes-suboscines_Furnariidae_Cranioleuca_baroniCyanerpes-caeruleus	Cyanerpes-caeruleus	Cyanerpes_caeruleus	Passeriformes-oscines_Thraupidae_Cyanerpes_caeruleusCyanocitta-stelleri	Cyanocitta-stelleri	Cyanocitta_stelleri	Passeriformes-oscines_Corvidae_Cyanocitta_stelleriCyanocompsa-cyanoides	Cyanocompsa-cyanoides	Cyanocompsa_cyanoides	Passeriformes-oscines_Cardinalidae_Cyanocompsa_cyanoidesCyanolyca-armillata	Cyanolyca-viridicyanus-turcosa-armillata	Cyanolyca_armillata	Passeriformes-oscines_Corvidae_Cyanolyca_armillataCyanolyca-turcosa	Cyanolyca-viridicyanus-turcosa-armillata	Cyanolyca_turcosa	Passeriformes-oscines_Corvidae_Cyanolyca_turcosaCyanolyca-viridicyanus	Cyanolyca-viridicyanus-turcosa-armillata	Cyanolyca_viridicyanus	Passeriformes-oscines_Corvidae_Cyanolyca_viridicyanusCyclarhis-gujanensis	Cyclarhis-gujanensis-nigrirostris	Cyclarhis_gujanensis	Passeriformes-oscines_Vireonidae_Cyclarhis_gujanensisCyclarhis-nigrirostris	Cyclarhis-gujanensis-nigrirostris	Cyclarhis_nigrirostris	NACymbilaimus-lineatus	Cymbilaimus-lineatus	Cymbilaimus_lineatus	Passeriformes-suboscines_Thamnophilidae_Cymbilaimus_lineatusDendragapus-fuliginosus	Dendragapus-fuliginosus-obscurus	Dendragapus_fuliginosus	NADendragapus-obscurus	Dendragapus-fuliginosus-obscurus	Dendragapus_obscurus	Galliformes_Phasianidae_Dendragapus_obscurusDendrocincla-anabatina	Dendrocincla-fuliginosa-anabatina	Dendrocincla_anabatina	Passeriformes-suboscines_Furnariidae_Dendrocincla_anabatinaDendrocincla-fuliginosa	Dendrocincla-fuliginosa-anabatina	Dendrocincla_fuliginosa	Passeriformes-suboscines_Furnariidae_Dendrocincla_fuliginosaDendrocolaptes-platyrostris	Dendrocolaptes-platyrostris	Dendrocolaptes_platyrostris	Passeriformes-suboscines_Furnariidae_Dendrocolaptes_platyrostrisDiglossa-caerulescens	Diglossa-caerulescens	Diglossa_caerulescens	Passeriformes-oscines_Emberizidae_Diglossa_caerulescensDiglossa-cyanea	Diglossa-cyanea	Diglossa_cyanea	Passeriformes-oscines_Emberizidae_Diglossa_cyaneaDrymophila-caudata	Drymophila-caudata-klagesi-hellmayri-striaticeps	Drymophila_caudata	Passeriformes-suboscines_Thamnophilidae_Drymophila_caudataDrymophila-hellmayri	Drymophila-caudata-klagesi-hellmayri-striaticeps	Drymophila_caudata	Passeriformes-suboscines_Thamnophilidae_Drymophila_caudataDrymophila-klagesi	Drymophila-caudata-klagesi-hellmayri-striaticeps	Drymophila_caudata	Passeriformes-suboscines_Thamnophilidae_Drymophila_caudataDrymophila-striaticeps	Drymophila-caudata-klagesi-hellmayri-striaticeps	Drymophila_caudata	Passeriformes-suboscines_Thamnophilidae_Drymophila_caudataDrymophila-devillei	Drymophila-devillei	Drymophila_devillei	Passeriformes-suboscines_Thamnophilidae_Drymophila_devilleiDubusia-taeniata	Dubusia-taeniata	Dubusia_taeniata	Passeriformes-oscines_Thraupidae_Dubusia_taeniataEmpidonax-difficilis	Empidonax-difficilis-occidentalis	Empidonax_difficilis	Passeriformes-suboscines_Tyrannidae_Empidonax_difficilisEmpidonax-occidentalis	Empidonax-difficilis-occidentalis	Empidonax_occidentalis	Passeriformes-suboscines_Tyrannidae_Empidonax_occidentalisEmpidonax-flavescens	Empidonax-flavescens	Empidonax_flavescens	Passeriformes-suboscines_Tyrannidae_Empidonax_flavescensEmpidonax-traillii	Empidonax-traillii	Empidonax_traillii	Passeriformes-suboscines_Tyrannidae_Empidonax_trailliiForpus-coelestis	Forpus-coelestis-conspicillatus-xanthops-passerinus-xanthopterygius	Forpus_coelestis	NAForpus-conspicillatus	Forpus-coelestis-conspicillatus-xanthops-passerinus-xanthopterygius	Forpus_conspicillatus	NAForpus-passerinus	Forpus-coelestis-conspicillatus-xanthops-passerinus-xanthopterygius	Forpus_passerinus	Psittaciformes_Psittacidae_Forpus_passerinusForpus-xanthops	Forpus-coelestis-conspicillatus-xanthops-passerinus-xanthopterygius	Forpus_xanthops	NAForpus-xanthopterygius	Forpus-coelestis-conspicillatus-xanthops-passerinus-xanthopterygius	Forpus_xanthopterygius	Psittaciformes_Psittacidae_Forpus_xanthopterygiusGeothlypis-tolmiei	Geothlypis-tolmiei	Oporornis_tolmiei	Passeriformes-oscines_Parulidae_Geothlypis_tolmieiGeothlypis-beldingi	Geothlypis-trichas-beldingi-nelsoni-flavovelata	Geothlypis_beldingi	Passeriformes-oscines_Parulidae_Geothlypis_beldingiGeothlypis-flavovelata	Geothlypis-trichas-beldingi-nelsoni-flavovelata	Geothlypis_flavovelata	Passeriformes-oscines_Parulidae_Geothlypis_flavovelataGeothlypis-nelsoni	Geothlypis-trichas-beldingi-nelsoni-flavovelata	Geothlypis_nelsoni	Passeriformes-oscines_Parulidae_Geothlypis_nelsoniGeothlypis-trichas	Geothlypis-trichas-beldingi-nelsoni-flavovelata	Geothlypis_trichas	Passeriformes-oscines_Parulidae_Geothlypis_trichasGlyphorynchus-spirurus	Glyphorynchus-spirurus	Glyphorynchus_spirurus	Passeriformes-suboscines_Furnariidae_Glyphorynchus_spirurusHabia-fuscicauda	Habia-fuscicauda	Habia_fuscicauda	Passeriformes-oscines_Cardinalidae_Habia_fuscicaudaHabia-rubica	Habia-rubica	Habia_rubica	Passeriformes-oscines_Cardinalidae_Habia_rubicaHellmayrea-gularis	Hellmayrea-gularis	Hellmayrea_gularis	Passeriformes-suboscines_Furnariidae_Hellmayrea_gularisHenicorhina-leucoptera	Henicorhina-leucoptera	Henicorhina_leucoptera	Passeriformes-oscines_Troglodytidae_Henicorhina_leucopteraHenicorhina-leucosticta	Henicorhina-leucosticta	Henicorhina_leucosticta	Passeriformes-oscines_Troglodytidae_Henicorhina_leucostictaHirundo-rustica	Hirundo-rustica	Hirundo_rustica	Passeriformes-oscines_Hirundinidae_Hirundo_rusticaHylophilus-ochraceiceps	Hylophilus-ochraceiceps	Hylophilus_ochraceiceps	Passeriformes-oscines_Vireonidae_Hylophilus_ochraceicepsHylophylax-naevioides	Hylophylax-naevioides-naevius	Hylophylax_naevioides	Passeriformes-suboscines_Thamnophilidae_Hylophylax_naevioidesHylophylax-naevius	Hylophylax-naevioides-naevius	Hylophylax_naevius	Passeriformes-suboscines_Thamnophilidae_Hylophylax_naeviusHypocnemis-cantator	Hypocnemis-cantator-flavescens-peruviana-subflava-ochrogyna-striata-rondoni	Hypocnemis_cantator	Passeriformes-suboscines_Thamnophilidae_Hypocnemis_cantatorHypocnemis-flavescens	Hypocnemis-cantator-flavescens-peruviana-subflava-ochrogyna-striata-rondoni	Hypocnemis_flavescens	Passeriformes-suboscines_Thamnophilidae_Hypocnemis_cantatorHypocnemis-ochrogyna	Hypocnemis-cantator-flavescens-peruviana-subflava-ochrogyna-striata-rondoni	Hypocnemis_ochrogyna	Passeriformes-suboscines_Thamnophilidae_Hypocnemis_cantatorHypocnemis-peruviana	Hypocnemis-cantator-flavescens-peruviana-subflava-ochrogyna-striata-rondoni	Hypocnemis_peruviana	Passeriformes-suboscines_Thamnophilidae_Hypocnemis_cantatorHypocnemis-striata	Hypocnemis-cantator-flavescens-peruviana-subflava-ochrogyna-striata-rondoni	Hypocnemis_striata	Passeriformes-suboscines_Thamnophilidae_Hypocnemis_cantatorHypocnemis-subflava	Hypocnemis-cantator-flavescens-peruviana-subflava-ochrogyna-striata-rondoni	Hypocnemis_subflava	Passeriformes-suboscines_Thamnophilidae_Hypocnemis_cantatorHypocnemis-rondoni	Hypocnemis-cantator-flavescens-peruviana-subflava-ochrogyna-striata-rondoni	Hypocnemis_striata	Passeriformes-suboscines_Thamnophilidae_Hypocnemis_cantatorIcterus-abeillei	Icterus-galbula-abeillei	Icterus_abeillei	Passeriformes-oscines_Icteridae_Icterus_abeilleiIcterus-galbula	Icterus-galbula-abeillei	Icterus_galbula	Passeriformes-oscines_Icteridae_Icterus_galbulaIcterus-pustulatus	Icterus-pustulatus	Icterus_pustulatus	Passeriformes-oscines_Icteridae_Icterus_pustulatusLampornis-amethystinus	Lampornis-amethystinus	Lampornis_amethystinus	Apodiformes_Trochilidae_Lampornis_amethystinusLepidocolaptes-affinis	Lepidocolaptes-affinis	Lepidocolaptes_affinis	Passeriformes-suboscines_Furnariidae_Lepidocolaptes_affinisLepidocolaptes-lacrymiger	Lepidocolaptes-lacrymiger	Lepidocolaptes_lacrymiger	Passeriformes-suboscines_Furnariidae_Lepidocolaptes_lacrymigerLepidothrix-coronata	Lepidothrix-coronata	Lepidothrix_coronata	Passeriformes-suboscines_Pipridae_Lepidothrix_coronataMargarornis-squamiger	Margarornis-squamiger	Margarornis_squamiger	Passeriformes-suboscines_Furnariidae_Margarornis_squamigerMecocerculus-leucophrys	Mecocerculus-leucophrys	Mecocerculus_leucophrys	Passeriformes-suboscines_Tyrannidae_Mecocerculus_leucophrysMelanerpes-formicivorus	Melanerpes-formicivorus	Melanerpes_formicivorus	Piciformes_Picidae_Melanerpes_formicivorusMelozone-fusca	Melozone-fusca	Pipilo_fuscus	Passeriformes-oscines_Emberizidae_Melozone_fuscaMicrobates-cinereiventris	Microbates-cinereiventris-collaris	Microbates_cinereiventris	Passeriformes-oscines_Polioptilidae_Microbates_cinereiventrisMicrobates-collaris	Microbates-cinereiventris-collaris	Microbates_collaris	NAMicrocerculus-marginatus	Microcerculus-marginatus	Microcerculus_marginatus	Passeriformes-oscines_Troglodytidae_Microcerculus_marginatusMionectes-macconnelli	Mionectes-oleagineus-rufiventris-macconnelli	Mionectes_macconnelli	Passeriformes-suboscines_Tyrannidae_Mionectes_macconnelliMionectes-oleagineus	Mionectes-oleagineus-rufiventris-macconnelli	Mionectes_oleagineus	Passeriformes-suboscines_Tyrannidae_Mionectes_oleagineusMionectes-rufiventris	Mionectes-oleagineus-rufiventris-macconnelli	Mionectes_rufiventris	Passeriformes-suboscines_Tyrannidae_Mionectes_rufiventrisMionectes-striaticollis	Mionectes-striaticollis	Mionectes_striaticollis	Passeriformes-suboscines_Tyrannidae_Mionectes_striaticollisMomotus-mexicanus	Momotus-mexicanus	Momotus_mexicanus	Coraciiformes_Momotidae_Momotus_mexicanusMyadestes-occidentalis	Myadestes-occidentalis	Myadestes_occidentalis	Passeriformes-oscines_Turdidae_Myadestes_occidentalisMyioborus-miniatus	Myioborus-miniatus	Myioborus_miniatus	Passeriformes-oscines_Parulidae_Myioborus_miniatusMyiothlypis-coronata	Myiothlypis-coronata	Basileuterus_coronatus	Passeriformes-oscines_Parulidae_Myiothlypis_coronatusMyiothlypis-fulvicauda	Myiothlypis-fulvicauda-rivularis	Phaeothlypis_fulvicauda	Passeriformes-oscines_Parulidae_Myiothlypis_fulvicaudaMyiothlypis-rivularis	Myiothlypis-fulvicauda-rivularis	Phaeothlypis_rivularis	Passeriformes-oscines_Parulidae_Myiothlypis_rivularisMyiothlypis-leucoblephara	Myiothlypis-leucoblephara	Basileuterus_leucoblepharus	Passeriformes-oscines_Parulidae_Myiothlypis_leucoblepharusMyiothlypis-luteoviridis	Myiothlypis-luteoviridis	Basileuterus_luteoviridis	Passeriformes-oscines_Parulidae_Myiothlypis_luteoviridisMyrmeciza-exsul	Myrmeciza-exsul	Myrmeciza_exsul	Passeriformes-suboscines_Thamnophilidae_Myrmeciza_exsulMyrmeciza-hemimelaena	Myrmeciza-hemimelaena	Myrmeciza_hemimelaena	Passeriformes-suboscines_Thamnophilidae_Myrmeciza_hemimelaenaMyrmeciza-loricata	Myrmeciza-loricata-squamosa	Myrmeciza_loricata	Passeriformes-suboscines_Thamnophilidae_Myrmeciza_loricataMyrmeciza-squamosa	Myrmeciza-loricata-squamosa	Myrmeciza_squamosa	Passeriformes-suboscines_Thamnophilidae_Myrmeciza_squamosaMyrmotherula-axillaris	Myrmotherula-axillaris	Myrmotherula_axillaris	Passeriformes-suboscines_Thamnophilidae_Myrmotherula_axillarisMyrmotherula-schisticolor	Myrmotherula-schisticolor	Myrmotherula_schisticolor	Passeriformes-suboscines_Thamnophilidae_Myrmotherula_schisticolorNucifraga-columbiana	Nucifraga-columbiana	Nucifraga_columbiana	Passeriformes-oscines_Corvidae_Nucifraga_columbianaOchthoeca-cinnamomeiventris	Ochthoeca-cinnamomeiventris	Ochthoeca_cinnamomeiventris	Passeriformes-suboscines_Tyrannidae_Ochthoeca_cinnamomeiventrisPasserculus-sandwichensis	Passerculus-sandwichensis	Passerculus_sandwichensis	Passeriformes-oscines_Emberizidae_Passerculus_sandwichensisPasserina-ciris	Passerina-ciris	Passerina_ciris	Passeriformes-oscines_Cardinalidae_Passerina_cirisPasserina-leclancherii	Passerina-leclancherii	Passerina_leclancherii	Passeriformes-oscines_Cardinalidae_Passerina_leclancheriiPerisoreus-canadensis	Perisoreus-canadensis	Perisoreus_canadensis	Passeriformes-oscines_Corvidae_Perisoreus_canadensisPetrochelidon-fulva	Petrochelidon-fulva	Petrochelidon_fulva	Passeriformes-oscines_Hirundinidae_Petrochelidon_fulvaPhaethornis-guy	Phaethornis-guy	Phaethornis_guy	Apodiformes_Trochilidae_Phaethornis_guyPheucticus-melanocephalus	Pheucticus-melanocephalus	Pheucticus_melanocephalus	Passeriformes-oscines_Cardinalidae_Pheucticus_melanocephalusPhrygilus-fruticeti	Phrygilus-fruticeti	Phrygilus_fruticeti	Passeriformes-oscines_Emberizidae_Phrygilus_fruticetiPiaya-cayana	Piaya-cayana	Piaya_cayana	Cuculiformes_Cuculidae_Piaya_cayanaPicoides-pubescens	Picoides-pubescens	Picoides_pubescens	Piciformes_Picidae_Picoides_pubescensPicoides-villosus	Picoides-villosus	Picoides_villosus	Piciformes_Picidae_Picoides_villosusPinicola-enucleator	Pinicola-enucleator	Pinicola_enucleator	Passeriformes-oscines_Fringillidae_Pinicola_enucleatorPipilo-erythrophthalmus	Pipilo-erythrophthalmus-maculatus	Pipilo_erythrophthalmus	Passeriformes-oscines_Emberizidae_Pipilo_erythrophthalmusPipilo-maculatus	Pipilo-erythrophthalmus-maculatus	Pipilo_maculatus	Passeriformes-oscines_Emberizidae_Pipilo_maculatusPipreola-intermedia	Pipreola-riefferii-intermedia	Pipreola_intermedia	Passeriformes-suboscines_Cotingidae_Pipreola_intermediaPipreola-riefferii	Pipreola-riefferii-intermedia	Pipreola_riefferii	NAPiranga-flava	Piranga-flava	Piranga_flava	Passeriformes-oscines_Cardinalidae_Piranga_flavaPiranga-ludoviciana	Piranga-ludoviciana	Piranga_ludoviciana	Passeriformes-oscines_Cardinalidae_Piranga_ludovicianaPoecile-atricapillus	Poecile-atricapillus	Parus_atricapillus	Passeriformes-oscines_Paridae_Poecile_atricapillusPoecile-gambeli	Poecile-gambeli	Parus_gambeli	Passeriformes-oscines_Paridae_Poecile_gambeliPolioptila-albiloris	Polioptila-albiloris-nigriceps-melanura-californica-plumbea-caerulea-dumicola-lactea	Polioptila_albiloris	Passeriformes-oscines_Polioptilidae_Polioptila_albilorisPolioptila-nigriceps	Polioptila-albiloris-nigriceps-melanura-californica-plumbea-caerulea-dumicola-lactea	Polioptila_nigriceps	Passeriformes-oscines_Polioptilidae_Polioptila_nigricepsPolioptila-melanura	Polioptila-albiloris-nigriceps-melanura-californica-plumbea-caerulea-dumicola-lactea	Polioptila_melanura	Passeriformes-oscines_Polioptilidae_Polioptila_melanuraPolioptila-californica	Polioptila-albiloris-nigriceps-melanura-californica-plumbea-caerulea-dumicola-lactea	Polioptila_californica	Passeriformes-oscines_Polioptilidae_Polioptila_californicaPolioptila-plumbea	Polioptila-albiloris-nigriceps-melanura-californica-plumbea-caerulea-dumicola-lactea	Polioptila_plumbea	Passeriformes-oscines_Polioptilidae_Polioptila_plumbeaPolioptila-caerulea	Polioptila-albiloris-nigriceps-melanura-californica-plumbea-caerulea-dumicola-lactea	Polioptila_caerulea	Passeriformes-oscines_Polioptilidae_Polioptila_caeruleaPolioptila-dumicola	Polioptila-albiloris-nigriceps-melanura-californica-plumbea-caerulea-dumicola-lactea	Polioptila_dumicola	Passeriformes-oscines_Polioptilidae_Polioptila_dumicolaPolioptila-lactea	Polioptila-albiloris-nigriceps-melanura-californica-plumbea-caerulea-dumicola-lactea	Polioptila_lactea	NAPremnoplex-brunnescens	Premnoplex-tatei-brunnescens	Premnoplex_brunnescens	Passeriformes-suboscines_Furnariidae_Premnoplex_brunnescensPremnoplex-tatei	Premnoplex-tatei-brunnescens	Premnoplex_tatei	Passeriformes-suboscines_Furnariidae_Premnoplex_tateiPsaltriparus-minimus	Psaltriparus-minimus	Psaltriparus_minimus	Passeriformes-oscines_Aegithalidae_Psaltriparus_minimusPyriglena-atra	Pyriglena-leucoptera-atra	Pyriglena_atra	NAPyriglena-leucoptera	Pyriglena-leucoptera-atra	Pyriglena_leucoptera	Passeriformes-suboscines_Thamnophilidae_Pyriglena_leucopteraPyrrhomyias-cinnamomeus	Pyrrhomyias-cinnamomeus	Pyrrhomyias_cinnamomeus	Passeriformes-suboscines_Tyrannidae_Pyrrhomyias_cinnamomeusQuerula-purpurata	Querula-purpurata	Querula_purpurata	Passeriformes-suboscines_Cotingidae_Querula_purpurataQuiscalus-major	Quiscalus-mexicanus-major	Quiscalus_major	Passeriformes-oscines_Icteridae_Quiscalus_majorQuiscalus-mexicanus	Quiscalus-mexicanus-major	Quiscalus_mexicanus	Passeriformes-oscines_Icteridae_Quiscalus_mexicanusRallus-elegans	Rallus-longirostris-elegans	Rallus_elegans	Gruiformes_Rallidae_Rallus_elegansRallus-longirostris	Rallus-longirostris-elegans	Rallus_longirostris	Gruiformes_Rallidae_Rallus_longirostrisRamphocaenus-melanurus	Ramphocaenus-melanurus	Ramphocaenus_melanurus	NARegulus-calendula	Regulus-calendula	Regulus_calendula	Passeriformes-oscines_Regulidae_Regulus_calendulaRegulus-satrapa	Regulus-satrapa	Regulus_satrapa	Passeriformes-oscines_Regulidae_Regulus_satrapaSaltator-coerulescens	Saltator-coerulescens-similis-striatipectus	Saltator_coerulescens	Passeriformes-oscines_Thraupidae_Saltator_coerulescensSaltator-similis	Saltator-coerulescens-similis-striatipectus	Saltator_similis	Passeriformes-oscines_Thraupidae_Saltator_similisSaltator-striatipectus	Saltator-coerulescens-similis-striatipectus	Saltator_striatipectus	Passeriformes-oscines_Thraupidae_Saltator_striatipectusSaltator-aurantiirostris	Saltator-grossus-cinctus-aurantiirostris	Saltator_aurantiirostris	Passeriformes-oscines_Thraupidae_Saltator_aurantiirostrisSaltator-cinctus	Saltator-grossus-cinctus-aurantiirostris	Saltator_cinctus	NASaltator-grossus	Saltator-grossus-cinctus-aurantiirostris	Saltator_grossus	Passeriformes-oscines_Thraupidae_Saltator_grossusSaltator-maximus	Saltator-maximus	Saltator_maximus	Passeriformes-oscines_Thraupidae_Saltator_maximusSchiffornis-turdina	Schiffornis-turdina	Schiffornis_turdina	Passeriformes-suboscines_Tityridae_Schiffornis_turdinaSchiffornis-virescens	Schiffornis-virescens	Schiffornis_virescens	Passeriformes-suboscines_Tityridae_Schiffornis_virescensSclerurus-mexicanus	Sclerurus-mexicanus-rufigularis	Sclerurus_mexicanus	Passeriformes-suboscines_Furnariidae_Sclerurus_mexicanusSclerurus-rufigularis	Sclerurus-mexicanus-rufigularis	Sclerurus_rufigularis	NASclerurus-scansor	Sclerurus-scansor	Sclerurus_scansor	Passeriformes-suboscines_Furnariidae_Sclerurus_scansorSelasphorus-platycercus	Selasphorus-platycercus	Selasphorus_platycercus	Apodiformes_Trochilidae_Selasphorus_platycercusSetophaga-coronata	Setophaga-coronata	Dendroica_coronata	Passeriformes-oscines_Parulidae_Setophaga_coronataSetophaga-dominica	Setophaga-dominica	Dendroica_dominica	Passeriformes-oscines_Parulidae_Setophaga_dominicaSetophaga-graciae	Setophaga-graciae	Dendroica_graciae	Passeriformes-oscines_Parulidae_Setophaga_graciaeSetophaga-petechia	Setophaga-petechia	Dendroica_petechia	Passeriformes-oscines_Parulidae_Setophaga_petechiaSetophaga-ruticilla	Setophaga-ruticilla	Setophaga_ruticilla	Passeriformes-oscines_Parulidae_Setophaga_ruticillaSetophaga-striata	Setophaga-striata	Dendroica_striata	Passeriformes-oscines_Parulidae_Setophaga_striataSialia-currucoides	Sialia-mexicana-currucoides-sialis	Sialia_currucoides	Passeriformes-oscines_Turdidae_Sialia_currucoidesSialia-mexicana	Sialia-mexicana-currucoides-sialis	Sialia_mexicana	Passeriformes-oscines_Turdidae_Sialia_mexicanaSialia-sialis	Sialia-mexicana-currucoides-sialis	Sialia_sialis	Passeriformes-oscines_Turdidae_Sialia_sialisSitta-carolinensis	Sitta-carolinensis	Sitta_carolinensis	Passeriformes-oscines_Sittidae_Sitta_carolinensisSpizella-passerina	Spizella-passerina	Spizella_passerina	Passeriformes-oscines_Emberizidae_Spizella_passerinaStrix-occidentalis	Strix-occidentalis	Strix_occidentalis	Strigiformes_Strigidae_Strix_occidentalisStrix-varia	Strix-varia	Strix_varia	Strigiformes_Strigidae_Strix_variaSturnella-magna	Sturnella-magna-neglecta	Sturnella_magna	Passeriformes-oscines_Icteridae_Sturnella_magnaSturnella-neglecta	Sturnella-magna-neglecta	Sturnella_neglecta	Passeriformes-oscines_Icteridae_Sturnella_neglectaSynallaxis-azarae	Synallaxis-azarae-courseni	Synallaxis_azarae	Passeriformes-suboscines_Furnariidae_Synallaxis_azaraeSynallaxis-courseni	Synallaxis-azarae-courseni	Synallaxis_courseni	NATachycineta-bicolor	Tachycineta-bicolor	Tachycineta_bicolor	Passeriformes-oscines_Hirundinidae_Tachycineta_bicolorTangara-cyanicollis	Tangara-cyanicollis	Tangara_cyanicollis	Passeriformes-oscines_Thraupidae_Tangara_cyanicollisTangara-gyrola	Tangara-gyrola	Tangara_gyrola	Passeriformes-oscines_Thraupidae_Tangara_gyrolaTangara-vassorii	Tangara-vassorii	Tangara_vassorii	Passeriformes-oscines_Thraupidae_Tangara_vassoriiTersina-viridis	Tersina-viridis	Tersina_viridis	Passeriformes-oscines_Thraupidae_Tersina_viridisTityra-semifasciata	Tityra-semifasciata	Tityra_semifasciata	Passeriformes-suboscines_Tityridae_Tityra_semifasciataToxostoma-curvirostre	Toxostoma-curvirostre	Toxostoma_curvirostre	Passeriformes-oscines_Mimidae_Toxostoma_curvirostreToxostoma-redivivum	Toxostoma-redivivum	Toxostoma_redivivum	Passeriformes-oscines_Mimidae_Toxostoma_redivivumTroglodytes-aedon	Troglodytes-aedon	Troglodytes_aedon	Passeriformes-oscines_Troglodytidae_Troglodytes_aedonTroglodytes-hiemalis	Troglodytes-hiemalis-pacificus	Troglodytes_troglodytes	Passeriformes-oscines_Troglodytidae_Troglodytes_troglodytesTroglodytes-pacificus	Troglodytes-hiemalis-pacificus	Troglodytes_troglodytes	Passeriformes-oscines_Troglodytidae_Troglodytes_troglodytesTrogon-rufus	Trogon-rufus	Trogon_rufus	Trogoniformes_Trogonidae_Trogon_rufusVireo-atricapilla	Vireo-atricapilla	Vireo_atricapilla	Passeriformes-oscines_Vireonidae_Vireo_atricapillaVireo-gilvus	Vireo-gilvus	Vireo_gilvus	Passeriformes-oscines_Vireonidae_Vireo_gilvusVireo-huttoni	Vireo-huttoni	Vireo_huttoni	Passeriformes-oscines_Vireonidae_Vireo_huttoniVireo-cassinii	Vireo-solitarius-plumbeous-casinii	Vireo_cassinii	Passeriformes-oscines_Vireonidae_Vireo_cassiniiVireo-plumbeus	Vireo-solitarius-plumbeous-casinii	Vireo_plumbeus	Passeriformes-oscines_Vireonidae_Vireo_plumbeusVireo-solitarius	Vireo-solitarius-plumbeous-casinii	Vireo_solitarius	Passeriformes-oscines_Vireonidae_Vireo_solitariusXenopipo-atronitens	Xenopipo-atronitens	Xenopipo_atronitens	Passeriformes-suboscines_Pipridae_Xenopipo_atronitensXenops-minutus	Xenops-minutus	Xenops_minutus	Passeriformes-suboscines_Furnariidae_Xenops_minutusXiphorhynchus-elegans	Xiphorhynchus-elegans-spixii	Xiphorhynchus_spixii	Passeriformes-suboscines_Furnariidae_Xiphorhynchus_spixiiXiphorhynchus-spixii	Xiphorhynchus-elegans-spixii	Xiphorhynchus_spixii	Passeriformes-suboscines_Furnariidae_Xiphorhynchus_spixiiXiphorhynchus-fuscus	Xiphorhynchus-fuscus	Xiphorhynchus_fuscus	Passeriformes-suboscines_Furnariidae_Xiphorhynchus_fuscusXiphorhynchus-ocellatus	Xiphorhynchus-ocellatus-pardalotus	Xiphorhynchus_ocellatus	Passeriformes-suboscines_Furnariidae_Xiphorhynchus_ocellatusXiphorhynchus-pardalotus	Xiphorhynchus-ocellatus-pardalotus	Xiphorhynchus_pardalotus	Passeriformes-suboscines_Furnariidae_Xiphorhynchus_pardalotusXiphorhynchus-triangularis	Xiphorhynchus-triangularis	Xiphorhynchus_triangularis	Passeriformes-suboscines_Furnariidae_Xiphorhynchus_triangularisZonotrichia-capensis	Zonotrichia-capensis	Zonotrichia_capensis	Passeriformes-oscines_Emberizidae_Zonotrichia_capensis